genres,danceability,energy,key,loudness,mode,speechiness,acousticness,instrumentalness,liveness,valence,tempo,time_signature,duration_ms,popularity,count
phonk,0.6931298701298702,0.8223160173160173,5.437229437229437,-3.2136666666666667,0.5324675324675324,0.0845917748917749,0.16911457922077922,0.2639584604761905,0.19811861471861472,0.5161839826839827,121.81260173160173,3.9956709956709955,108626.30303030302,67.19047619047619,231
hindi indie,0.5929237668161436,0.4586654708520179,4.73542600896861,-9.626107623318385,0.7892376681614349,0.059123766816143494,0.5432434304932736,0.02000091443946188,0.16418878923766816,0.4341304932735426,118.66813452914798,3.798206278026906,217336.4798206278,44.2017937219731,223
indian indie,0.5913153153153152,0.456309009009009,4.747747747747748,-9.691427927927927,0.7927927927927928,0.05894774774774775,0.5441536711711712,0.024230864729729726,0.15831441441441443,0.43643288288288284,117.76918468468469,3.774774774774775,217041.48648648648,42.33783783783784,222
brazilian phonk,0.6892941176470587,0.8381519607843138,5.553921568627451,-2.801740196078431,0.4950980392156863,0.0817779411764706,0.17949980294117648,0.25000554970588235,0.20290245098039214,0.5211887254901961,122.15857352941177,3.9950980392156863,106426.61764705883,67.57352941176471,204
hindi pop,0.586118918918919,0.5293156756756757,5.210810810810811,-8.418648648648649,0.6594594594594595,0.05814540540540541,0.4972362216216217,0.018630389675675676,0.1580664864864865,0.46921513513513513,117.7997081081081,3.8216216216216217,234479.11351351353,51.74594594594595,185
desi pop,0.6183793103448276,0.5298189655172414,5.629310344827586,-8.292775862068966,0.6120689655172413,0.053043103448275855,0.47912800862068966,0.013987010344827584,0.1611706896551724,0.4726146551724138,117.1708448275862,3.8879310344827585,218547.64655172414,53.543103448275865,116
bollywood,0.5632181818181818,0.5599127272727273,5.254545454545455,-8.368636363636364,0.7363636363636363,0.058030000000000005,0.49317726363636366,0.017456515636363638,0.15586454545454545,0.47219636363636364,122.54797272727272,3.7545454545454544,262488.58181818185,45.77272727272727,110
funk,0.7106022727272727,0.8392386363636363,4.863636363636363,-2.225261363636364,0.4090909090909091,0.07798295454545455,0.20779724772727273,0.13049204488636362,0.19940454545454545,0.5555431818181819,122.3539431818182,3.9886363636363638,102594.78409090909,67.75,88
ghazal,0.5454941176470588,0.48139999999999994,4.729411764705882,-9.0688,0.7529411764705882,0.05319764705882353,0.6037924705882353,0.026860524470588235,0.1493305882352941,0.4640258823529412,117.94863529411765,3.6823529411764704,271438.8,46.55294117647059,85
anime,0.5830823529411765,0.42272188235294117,4.564705882352941,-12.322411764705882,0.7764705882352941,0.05617529411764705,0.5761083082352941,0.4315671895294118,0.15604352941176472,0.42244588235294117,120.75735294117646,3.976470588235294,157528.0,33.07058823529412,85
desi,0.568620253164557,0.5866962025316457,5.113924050632911,-7.964316455696203,0.7215189873417721,0.0637012658227848,0.4294388481012658,0.012753275443037974,0.14929240506329114,0.44792151898734184,116.54894936708861,3.8354430379746836,265008.2278481013,48.392405063291136,79
sufi,0.5443380281690141,0.568169014084507,5.169014084507042,-8.141408450704224,0.7746478873239436,0.06361549295774648,0.4698704084507042,0.01627293549295775,0.15791267605633802,0.45205633802816897,117.0041971830986,3.8028169014084505,296347.1549295775,43.61971830985915,71
bhajan,0.5501724137931034,0.5277068965517241,5.0,-9.440689655172413,0.7586206896551724,0.06342931034482759,0.5724448275862069,0.04252119362068966,0.17733448275862068,0.5002586206896552,115.79639655172413,3.413793103448276,278245.1896551724,34.293103448275865,58
tamil pop,0.5390303030303031,0.5416060606060606,5.515151515151516,-8.859030303030304,0.5454545454545454,0.06296363636363636,0.4983515151515151,0.18556141606060605,0.16693333333333332,0.45106363636363633,115.25060606060606,3.757575757575758,211677.60606060605,52.0,33
devotional,0.5988484848484849,0.5307878787878788,5.424242424242424,-9.718575757575758,0.7575757575757576,0.06432121212121211,0.536839393939394,0.09527222333333334,0.14685454545454543,0.43836363636363634,110.66972727272727,3.3333333333333335,278103.30303030304,38.81818181818182,33
kollywood,0.5416875,0.546625,5.6875,-8.72546875,0.5625,0.063371875,0.5044875,0.1913577228125,0.16311875,0.455315625,116.506625,3.75,209792.53125,53.1875,32
qawwali,0.50871875,0.56509375,4.46875,-8.1433125,0.65625,0.062359375,0.49490465625,0.0270329965625,0.161371875,0.45423125000000003,117.5919375,3.78125,306941.71875,46.5625,32
j-pop,0.6253793103448275,0.6351724137931034,5.103448275862069,-5.882103448275862,0.7931034482758621,0.05031034482758621,0.32197403448275863,0.02796471103448276,0.16479310344827586,0.6202758620689655,130.78124137931033,3.9310344827586206,219409.10344827586,57.58620689655172,29
drift phonk,0.67868,0.7662399999999999,5.16,-6.04748,0.76,0.09324400000000001,0.14078284,0.4640071292,0.15034,0.4288,122.49799999999999,4.04,127617.32,67.12,25
marathi pop,0.51512,0.49491999999999997,4.32,-9.3298,0.76,0.0519,0.553868,0.0155602964,0.172656,0.50796,127.50632,3.64,274345.96,38.04,25
desi hip hop,0.6019545454545455,0.5982272727272727,5.136363636363637,-7.585454545454545,0.6818181818181818,0.12490909090909091,0.3280674090909091,0.03764850727272727,0.2515545454545455,0.48827272727272725,110.78022727272727,3.9545454545454546,217780.63636363635,49.09090909090909,22
bangla pop,0.5370476190476191,0.44066666666666665,4.761904761904762,-9.845904761904762,0.7142857142857143,0.07590952380952382,0.7276666666666667,0.044387939523809525,0.1690809523809524,0.5207619047619048,118.2347619047619,3.380952380952381,264146.90476190473,42.76190476190476,21
gujarati garba,0.59175,0.5906,5.6,-8.154399999999999,0.85,0.076185,0.491135,0.0028891489999999997,0.20966,0.48805,122.71795,3.65,241291.35,34.1,20
hindi hip hop,0.624,0.6028947368421053,5.421052631578948,-7.441736842105263,0.631578947368421,0.13116315789473684,0.3108148947368421,0.043548084210526306,0.2309578947368421,0.5147894736842106,106.59673684210526,3.9473684210526314,222607.36842105264,48.68421052631579,19
brazilian funk,0.7730555555555555,0.8038333333333333,6.0,-4.122388888888889,0.5,0.11057777777777779,0.22873444444444443,0.2364040388888889,0.21777777777777776,0.510561111111111,132.97716666666668,4.0,119134.83333333333,68.16666666666667,18
tamil indie,0.4356875,0.4264375,6.3125,-10.5953125,0.5625,0.0794125,0.7199375,0.30405230625,0.144375,0.38028125,104.3713125,3.8125,156310.4375,59.3125,16
gujarati pop,0.6129375,0.569125,5.0,-8.295875,0.9375,0.06186875,0.5537,0.011559329375000002,0.1704125,0.4446875,120.0785,3.5,231606.5625,37.5,16
tollywood,0.5297692307692308,0.5078615384615385,5.538461538461538,-9.466307692307693,0.7692307692307693,0.06771538461538462,0.530776923076923,0.1502332653846154,0.13736923076923077,0.4393076923076923,108.39138461538461,3.8461538461538463,244006.84615384616,48.0,13
punjabi pop,0.6706923076923077,0.6843076923076924,5.153846153846154,-7.01523076923077,0.46153846153846156,0.10180769230769232,0.29793223076923075,0.026662579999999995,0.1858153846153846,0.48715384615384616,123.66092307692308,4.0,220240.84615384616,58.15384615384615,13
tamil dance,0.6284615384615384,0.575,6.230769230769231,-8.167846153846154,0.46153846153846156,0.0833076923076923,0.4587538461538462,0.07261791384615385,0.22308461538461538,0.5673846153846154,114.61353846153845,3.769230769230769,250819.76923076922,59.07692307692308,13
j-rock,0.5399166666666667,0.7168333333333333,5.416666666666667,-5.001333333333333,0.75,0.06978333333333334,0.24460609999999997,0.06607433166666667,0.2311,0.5318333333333333,120.86516666666667,4.0,232888.41666666666,61.916666666666664,12
edm,0.537,0.7941818181818182,5.545454545454546,-5.481818181818182,0.5454545454545454,0.05495454545454546,0.13414636363636365,0.1109717481818182,0.1937,0.23573636363636366,126.30190909090908,4.0,193251.81818181818,59.54545454545455,11
funk bruxaria,0.7449,0.8347999999999999,6.4,-4.7132000000000005,0.4,0.09171,0.23777999999999996,0.139224449,0.2051,0.538,135.6334,4.0,108759.9,66.9,10
malayalam pop,0.46840000000000004,0.4545,4.2,-9.2049,1.0,0.04761,0.7017,0.11855412000000001,0.13788,0.356,133.3864,3.7,200816.7,46.4,10
kannada pop,0.553,0.5606,5.9,-8.291599999999999,0.8,0.0733,0.42408999999999997,0.006808169,0.20950000000000002,0.4629,124.0364,4.0,224053.2,49.5,10
uk garage,0.69775,0.85125,6.5,-5.381,0.125,0.21413749999999998,0.012068625,0.025782415,0.2651625,0.23225,134.832875,4.125,193075.5,52.25,8
mollywood,0.427125,0.413875,4.375,-9.734375,1.0,0.0458875,0.7135,0.14816338750000002,0.109775,0.293625,134.256,3.625,211576.125,53.875,8
stutter house,0.723125,0.798,5.5,-6.445875,0.375,0.1892875,0.06319175,0.1748766625,0.2046625,0.28775,130.01425,4.0,196569.25,52.0,8
telugu pop,0.5235,0.6033999999999999,5.125,-9.219000000000001,0.625,0.0790875,0.4103875,0.22785155625,0.129075,0.501875,105.27324999999999,3.75,242268.625,47.5,8
funk carioca,0.768625,0.8226249999999999,7.125,-3.670875,0.5,0.0922375,0.3136,0.3345728625,0.2395,0.598,144.81625,4.0,110881.75,68.75,8
brega funk,0.760625,0.91525,7.75,-1.950125,0.25,0.09013750000000001,0.22693750000000001,0.2020746,0.275,0.5162625,140.68824999999998,4.0,99831.875,70.375,8
bhangra,0.6777142857142857,0.7448571428571429,5.142857142857143,-6.923285714285714,0.42857142857142855,0.09545714285714287,0.16695985714285713,0.00041387714285714283,0.19034285714285715,0.4532,122.80628571428572,4.0,246126.7142857143,63.714285714285715,7
sandalwood,0.6062857142857142,0.596,6.0,-8.266857142857143,0.7142857142857143,0.08147142857142857,0.3508428571428572,0.00894117,0.23314285714285715,0.4991428571428571,118.72214285714286,4.0,234711.85714285713,50.714285714285715,7
tamil hip hop,0.635,0.6177142857142857,8.714285714285714,-7.280857142857142,0.42857142857142855,0.14502857142857145,0.4048285714285714,0.14500040428571428,0.18215714285714285,0.5484285714285714,116.60114285714285,3.7142857142857144,201537.0,63.57142857142857,7
japanese indie,0.6774285714285714,0.5815714285714285,3.7142857142857144,-7.314857142857143,0.8571428571428571,0.07814285714285715,0.3713285714285714,0.11314891857142859,0.1994,0.6758571428571428,112.847,4.0,234240.2857142857,55.714285714285715,7
malayalam hip hop,0.6711666666666667,0.49016666666666664,6.666666666666667,-9.336,0.6666666666666666,0.061983333333333335,0.5768333333333334,0.15205606666666668,0.16555,0.3531666666666667,110.9885,4.0,220205.16666666666,50.666666666666664,6
rally house,0.7721666666666667,0.8195,5.5,-5.206333333333333,0.16666666666666666,0.1741,0.09019333333333333,0.111834,0.2606833333333333,0.527,136.689,4.0,126086.83333333333,62.333333333333336,6
slap house,0.6088,0.8298,3.4,-5.0474000000000006,0.6,0.06648,0.21187999999999999,0.014546742000000001,0.14772000000000002,0.42940000000000006,139.134,4.0,152293.0,63.6,5
folk,0.5512,0.717,5.4,-5.8338,1.0,0.08634,0.49000000000000005,1.0484e-05,0.1296,0.6202,120.99360000000001,3.8,254014.8,16.8,5
progressive house,0.5192,0.7934,4.0,-6.593000000000001,0.8,0.0671,0.22007,0.220898306,0.23632,0.2002,127.41599999999998,4.0,219862.0,65.0,5
bassline,0.6935,0.886,5.75,-5.4745,0.0,0.298925,0.01194,0.007836505,0.290775,0.24125,147.93900000000002,4.25,182325.5,57.25,4
bhojpuri pop,0.6265000000000001,0.64975,7.0,-5.60025,0.75,0.17709999999999998,0.213475,0.05963745,0.08015,0.55825,122.95325,4.0,275582.75,21.25,4
electroclash,0.631,0.903,6.75,-2.502,0.5,0.13465000000000002,0.054425,0.029067710000000004,0.1832,0.62325,136.46925,4.0,146706.0,66.0,4
future bass,0.46625,0.81975,6.75,-4.02025,0.5,0.048625,0.028515000000000002,0.0021531750000000002,0.096875,0.20450000000000002,128.90475,4.0,202354.0,53.25,4
drum and bass,0.55375,0.90625,5.25,-3.86175,0.25,0.233575,0.10372499999999998,0.000556155,0.2411,0.358,143.1395,4.25,195991.0,63.25,4
melodic bass,0.46625,0.81975,6.75,-4.02025,0.5,0.048625,0.028515000000000002,0.0021531750000000002,0.096875,0.20450000000000002,128.90475,4.0,202354.0,53.25,4
haryanvi pop,0.771,0.6305000000000001,5.25,-8.21325,0.25,0.0648,0.19983,0.0006747725,0.21225,0.60825,131.4505,4.0,167490.75,63.25,4
hyperpop,0.70775,0.85075,4.75,-4.2597499999999995,0.5,0.17535,0.03325,0.0008183175,0.2037,0.6315,122.7225,4.0,162455.25,54.0,4
uk grime,0.6576666666666667,0.9163333333333333,5.666666666666667,-4.388,0.3333333333333333,0.3413333333333333,0.13326666666666667,1.3330000000000001e-05,0.14786666666666667,0.504,112.70766666666667,4.333333333333333,163992.0,55.333333333333336,3
funk de bh,0.785,0.9753333333333334,9.333333333333334,-1.7456666666666667,0.6666666666666666,0.1068,0.292,0.22968049999999998,0.165,0.46203333333333335,125.32566666666668,4.0,86016.33333333333,70.66666666666667,3
punjabi hip hop,0.6196666666666667,0.6496666666666667,2.0,-7.288666666666667,0.3333333333333333,0.13426666666666667,0.22133333333333335,4.346666666666667e-05,0.35033333333333333,0.4043333333333334,143.53866666666667,4.333333333333333,169838.33333333334,50.666666666666664,3
house,0.694,0.7623333333333333,6.333333333333333,-6.349666666666667,0.3333333333333333,0.042833333333333334,0.14781333333333332,0.21238133333333334,0.11393333333333333,0.3660333333333334,128.62666666666667,4.0,179949.0,72.33333333333333,3
jungle,0.6283333333333333,0.9333333333333332,4.0,-4.062666666666666,0.6666666666666666,0.3153333333333333,0.10409333333333332,0.09267999666666667,0.16233333333333333,0.4633333333333334,134.22299999999998,4.333333333333333,214268.0,48.666666666666664,3
melodic house,0.6960000000000001,0.7586666666666666,7.333333333333333,-7.315666666666666,0.3333333333333333,0.09576666666666667,0.226,0.12022633333333332,0.3416666666666666,0.17400000000000002,125.711,4.0,231128.66666666666,71.66666666666667,3
electronica,0.4626666666666666,0.8066666666666666,3.0,-5.798666666666667,1.0,0.07473333333333333,0.25211666666666666,0.25170417666666667,0.11386666666666666,0.24166666666666667,128.99166666666667,4.0,201449.66666666666,62.666666666666664,3
grime,0.6576666666666667,0.9163333333333333,5.666666666666667,-4.388,0.3333333333333333,0.3413333333333333,0.13326666666666667,1.3330000000000001e-05,0.14786666666666667,0.504,112.70766666666667,4.333333333333333,163992.0,55.333333333333336,3
bass music,0.5563333333333333,0.8886666666666666,9.0,-4.695,0.6666666666666666,0.2021666666666667,0.032523333333333335,0.00220513,0.309,0.242,129.36866666666666,4.333333333333333,181822.66666666666,44.333333333333336,3
dubstep,0.6033333333333334,0.8066666666666666,8.0,-5.687333333333334,0.6666666666666666,0.04973333333333333,0.05962,0.0022705666666666667,0.3167,0.14566666666666667,109.17666666666666,4.0,209667.33333333334,56.666666666666664,3
bass house,0.7125,0.8634999999999999,7.0,-4.352,0.0,0.08885,0.00633,0.000372315,0.48650000000000004,0.2415,136.425,4.0,204614.5,70.5,2
big room,0.402,0.8714999999999999,0.5,-4.149,1.0,0.09369999999999999,0.004675,0.004056265,0.1183,0.21000000000000002,128.492,4.0,198530.5,60.5,2
electro house,0.43300000000000005,0.8775,3.0,-4.2315000000000005,0.5,0.058249999999999996,0.07758,6.1855e-05,0.2295,0.295,157.9125,4.0,140748.5,67.0,2
hypertechno,0.6799999999999999,0.8979999999999999,6.5,-1.2495,0.0,0.06765,0.1364,0.0355512,0.1975,0.4495,122.584,4.0,140779.5,71.0,2
tekno,0.6295,0.854,6.5,-0.92,1.0,0.06965,0.3215,0.41750491,0.22699999999999998,0.44199999999999995,152.608,4.0,133957.0,58.0,2
witch house,0.6034999999999999,0.8734999999999999,10.0,-2.3705,0.5,0.21860000000000002,0.0635,0.0569635,0.2415,0.6785,145.95499999999998,4.0,142238.5,57.5,2
trap metal,0.765,0.8455,1.5,-5.9105,1.0,0.267,0.10685,0.00209985,0.26895,0.572,147.5365,4.0,150067.5,68.0,2
lo-fi,0.313,0.349,9.0,-14.021999999999998,1.0,0.14205,0.8614999999999999,0.0028244999999999998,0.2395,0.2685,180.2245,4.0,138692.0,56.5,2
hardcore hip hop,0.5455,0.5660000000000001,1.5,-8.434,1.0,0.2057,0.087725,0.0150149,0.10515,0.69,97.358,4.0,204125.5,40.0,2
maloya,0.587,0.6910000000000001,4.5,-8.2995,0.5,0.1545,0.4305,0.01240147,0.08099999999999999,0.8414999999999999,149.94299999999998,3.5,311929.0,11.0,2
arabic hip hop,0.832,0.754,1.0,-8.045,1.0,0.192,0.00494,0.0,0.14,0.633,108.016,4.0,151274.0,62.0,1
brazilian bass,0.53,0.82,4.0,-4.936,0.0,0.0438,0.154,2.71e-06,0.14,0.355,171.933,4.0,128372.0,68.0,1
breakbeat,0.532,0.95,8.0,-5.976,0.0,0.519,0.0243,1.39e-06,0.107,0.24,174.659,5.0,171428.0,36.0,1
breakcore,0.576,0.916,2.0,-5.253,1.0,0.173,0.00298,0.278,0.105,0.513,140.001,4.0,304928.0,36.0,1
celtic,0.613,0.487,2.0,-10.833,1.0,0.0473,0.788,0.337,0.104,0.477,90.029,4.0,382666.0,24.0,1
funk rock,0.619,0.75,7.0,-2.663,1.0,0.0324,5.78e-05,0.0,0.177,0.377,104.013,4.0,170919.0,73.0,1
g-house,0.653,0.802,1.0,-4.06,0.0,0.0267,0.0199,0.00788,0.193,0.241,115.112,4.0,112619.0,56.0,1
eurodance,0.733,0.859,9.0,-5.03,0.0,0.033,0.479,0.0645,0.105,0.52,124.948,4.0,147840.0,49.0,1
europop,0.733,0.859,9.0,-5.03,0.0,0.033,0.479,0.0645,0.105,0.52,124.948,4.0,147840.0,49.0,1
flamenco urbano,0.832,0.754,1.0,-8.045,1.0,0.192,0.00494,0.0,0.14,0.633,108.016,4.0,151274.0,62.0,1
city pop,0.658,0.747,5.0,-6.615,1.0,0.0431,0.176,8.49e-06,0.0789,0.792,108.259,4.0,312293.0,16.0,1
dub,0.532,0.95,8.0,-5.976,0.0,0.519,0.0243,1.39e-06,0.107,0.24,174.659,5.0,171428.0,36.0,1
electronic,0.53,0.82,4.0,-4.936,0.0,0.0438,0.154,2.71e-06,0.14,0.355,171.933,4.0,128372.0,68.0,1
chicago house,0.479,0.665,8.0,-8.489,1.0,0.105,0.734,8.21e-06,0.425,0.589,84.76,4.0,269647.0,6.0,1
deep house,0.549,0.749,2.0,-8.636,1.0,0.0364,0.169,0.349,0.132,0.126,124.041,4.0,254516.0,67.0,1
cloud rap,0.619,0.824,5.0,-7.437,1.0,0.0459,0.00535,0.719,0.388,0.32,116.072,4.0,84846.0,72.0,1
afro house,0.87,0.944,9.0,-4.525,1.0,0.0464,0.394,0.243,0.0398,0.635,121.979,4.0,156393.0,92.0,1
hard techno,0.685,0.968,11.0,-5.844,1.0,0.0517,0.00111,0.705,0.203,0.428,140.055,4.0,157714.0,46.0,1
latin house,0.87,0.944,9.0,-4.525,1.0,0.0464,0.394,0.243,0.0398,0.635,121.979,4.0,156393.0,92.0,1
kizomba,0.686,0.85,4.0,-2.753,0.0,0.0725,0.106,1.63e-06,0.512,0.323,137.998,4.0,121739.0,82.0,1
italo dance,0.336,0.935,2.0,-3.527,1.0,0.0727,0.00116,0.000121,0.319,0.235,143.892,4.0,153125.0,66.0,1
norwegian pop,0.6,0.867,2.0,-4.37,1.0,0.0497,0.0016,0.526,0.203,0.55,174.042,4.0,136946.0,38.0,1
new wave,0.563,0.383,6.0,-15.474,1.0,0.0305,0.144,0.116,0.138,0.589,93.751,3.0,206760.0,79.0,1
new rave,0.697,0.87,10.0,-4.922,0.0,0.406,0.018,0.000927,0.372,0.644,141.92,4.0,127634.0,52.0,1
melodic techno,0.549,0.749,2.0,-8.636,1.0,0.0364,0.169,0.349,0.132,0.126,124.041,4.0,254516.0,67.0,1
khaleeji,0.832,0.754,1.0,-8.045,1.0,0.192,0.00494,0.0,0.14,0.633,108.016,4.0,151274.0,62.0,1
soundtrack,0.582,0.831,0.0,-5.125,1.0,0.0384,0.000289,1.13e-05,0.369,0.326,138.064,4.0,276746.0,65.0,1
proto-punk,0.563,0.383,6.0,-15.474,1.0,0.0305,0.144,0.116,0.138,0.589,93.751,3.0,206760.0,79.0,1
rap,0.841,0.593,1.0,-7.846,1.0,0.0379,0.418,0.0,0.124,0.808,124.917,4.0,162802.0,76.0,1
traditional folk,0.613,0.487,2.0,-10.833,1.0,0.0473,0.788,0.337,0.104,0.477,90.029,4.0,382666.0,24.0,1
tech house,0.547,0.616,9.0,-6.451,0.0,0.043,0.0396,0.000144,0.13,0.0661,129.979,4.0,184649.0,59.0,1
techengue,0.87,0.944,9.0,-4.525,1.0,0.0464,0.394,0.243,0.0398,0.635,121.979,4.0,156393.0,92.0,1
techno,0.634,0.824,2.0,-3.394,0.0,0.047,0.0908,0.0711,0.119,0.371,137.959,4.0,178156.0,81.0,1
uk funky,0.532,0.95,8.0,-5.976,0.0,0.519,0.0243,1.39e-06,0.107,0.24,174.659,5.0,171428.0,36.0,1
uk drill,0.777,0.934,2.0,-0.959,1.0,0.254,0.285,3.86e-05,0.275,0.637,88.009,4.0,166448.0,74.0,1
tropical house,0.384,0.658,10.0,-6.297,1.0,0.0484,0.582,1.65e-05,0.108,0.287,140.142,4.0,243428.0,51.0,1
vocaloid,0.629,0.804,2.0,-5.987,1.0,0.103,0.0169,0.000497,0.177,0.294,130.006,4.0,221500.0,71.0,1
